{"cameraMode":{"drawMode":0,"name":"Shaded","section":"Shading Mode"},"sceneLighting":true,"audioPlay":false,"sceneViewState":{"m_AlwaysRefresh":false,"showFog":true,"showSkybox":true,"showFlares":true,"showImageEffects":true,"showParticleSystems":true,"showVisualEffectGraphs":true,"m_FxEnabled":true},"in2DMode":false,"pivot":{"x":153.63626098632813,"y":-532.0946044921875,"z":207.52865600585938},"rotation":{"x":-0.34740111231803896,"y":-0.18119171261787415,"z":0.07719448953866959,"w":-0.9181727766990662},"size":420.30731201171877,"orthographic":false}