{"cameraMode":{"drawMode":0,"name":"Shaded","section":"Shading Mode"},"sceneLighting":true,"audioPlay":false,"sceneViewState":{"m_AlwaysRefresh":false,"showFog":true,"showSkybox":true,"showFlares":true,"showImageEffects":true,"showParticleSystems":true,"showVisualEffectGraphs":true,"m_FxEnabled":true},"in2DMode":false,"pivot":{"x":-235.6800079345703,"y":2.961215019226074,"z":123.37083435058594},"rotation":{"x":0.039892349392175677,"y":0.9584031701087952,"z":-0.16846559941768647,"w":0.22693167626857758},"size":1.9830275774002076,"orthographic":false}