{"cameraMode":{"drawMode":0,"name":"Shaded","section":"Shading Mode"},"sceneLighting":true,"audioPlay":false,"sceneViewState":{"m_AlwaysRefresh":false,"showFog":true,"showSkybox":true,"showFlares":true,"showImageEffects":true,"showParticleSystems":true,"showVisualEffectGraphs":true,"m_FxEnabled":true},"in2DMode":false,"pivot":{"x":50.143253326416019,"y":51.08758544921875,"z":-482.3166809082031},"rotation":{"x":-0.2802668511867523,"y":-0.07608384639024735,"z":0.027345145121216775,"w":-0.9591127634048462},"size":1.9830275774002076,"orthographic":false}