{"cameraMode":{"drawMode":0,"name":"Shaded","section":"Shading Mode"},"sceneLighting":true,"audioPlay":false,"sceneViewState":{"m_AlwaysRefresh":false,"showFog":true,"showSkybox":true,"showFlares":true,"showImageEffects":true,"showParticleSystems":true,"showVisualEffectGraphs":true,"m_FxEnabled":true},"in2DMode":false,"pivot":{"x":-301.2183837890625,"y":1.145117163658142,"z":137.49745178222657},"rotation":{"x":0.11358750611543656,"y":-0.8715062737464905,"z":0.24128833413124085,"w":0.41111862659454348},"size":0.5685632824897766,"orthographic":false}